NN,XX,YY
TOROYA,-70.3544,-15.716
ILLPA,-70.0833,-15.6833
UMAYO,-70.1372,-15.7223
MANAZO,-70.3419,-15.8036
MANAZO,-70.3333,-15.8
CAPACHICA,-69.8321,-15.6064
LLACHAHUI,-69.9537,-15.5023
YOCARA,-70.1873,-15.57
LAMPA,-70.3833,-15.3667
CHAMPICANCHI,-70.5159,-15.4116
LAMPA,-70.3648,-15.3633
JARPANA,-70.7833,-15.5167
PAMPA UTA,-70.6833,-15.4833
PAMPAHUTA,-70.6758,-15.4835
PARATIA,-70.6,-15.45
QUILLISANI,-70.7667,-15.3667
QUILLISANI,-70.75,-15.3833
ANDAMARCA,-70.5943,-15.5564
HACIENDA COLINI,-70.8833,-15.65
HACIENDA PINAYA,-70.9167,-15.5833
LAGUNILLAS,-70.609,-15.7006
SANTA LUCIA,-70.6089,-15.7006
SANTA LUCIA,-70.6,-15.7
ANTIPAMPILLA,-70.2833,-15.4833
JULIACA,-70.1667,-15.4667
JULIACA (MOCAYACHE),-70.2078,-15.4442
JULIACA (MOCAYACHE),-70.2078,-15.4442
CABANILLAS,-70.3462,-15.6391
CARAVELI,-73.3614,-15.7711
YANAQUIHUA,-72.8828,-15.7831
YANAQUIHUA,-72.8833,-15.7667
URAYHUMA,-73.5667,-14.6
CHINCHAYLLAPA,-72.7333,-14.9167
PUICA,-72.6667,-15.0667
SAIROSA,-72.6667,-14.9167
LAMPA,-73.3333,-15.1833
AYAHUASI (PULHUAY),-72.7528,-15.1358
TOMEPAMPA,-72.8333,-15.1833
COTAHUASI,-72.8908,-15.2078
ARMA,-72.7667,-15.4
SALAMANCA,-72.8333,-15.5
SALAMANCA,-72.8333,-15.5
PAUSA,-73.3333,-15.2667
CHICHAS,-72.9164,-15.5444
URASQUI,-73.1667,-16.0333
OCOAA,-73.1,-16.4333
ACOYPAMPA,-72.7667,-15.7333
ESBILLA,-72.75,-16
PAMPA GRANDE,-73.05,-16.1833
PUNTA ATICO,-73.6942,-16.2283
INCUYO,-73.5667,-15.25
TARCO,-73.75,-15.3
LARAMARCA,-75.0333,-13.95
CORDOVA,-75.1667,-14.0333
LLAUTA,-74.9167,-14.2333
LARAMATE,-74.8333,-14.3
HUAC-HUAS,-74.9406,-14.1319
PAMPA BLANCA,-75.1036,-14.2369
RIO GRANDE,-75.2167,-14.5333
OCAAA,-74.8167,-14.4
UCHUYTAMBO,-74.7,-14.3167
JASSU,-74.3333,-14.6667
PAMPA GALERAS,-74.4,-14.6667
EL CARMEN,-75.2333,-14.4667
OTOCA,-74.6833,-14.4833
PEDREGAL,-74.4333,-14.4167
PALPA,-75.1869,-14.5333
SAN BORJA,-75.1667,-14.5167
HACIENDA HUAYURI,-75.1833,-14.5833
INGENIO (HUALLPOCA),-74.9561,-14.6333
SAN JAVIER,-75.1833,-14.6667
PANGARAVI,-74.6167,-14.8333
HACIENDA MAJORO,-74.9667,-14.8333
NAZCA,-74.9333,-14.8333
COPARA,-74.9,-14.9667
CHALA,-74.2447,-15.865
CHALA,-74.2482,-15.8483
CHAPARRA,-73.8667,-15.75
SANTA LUCIA,-74.5167,-14.9667
PUNTA SAN JUAN,-75.1833,-15.3667
SAN JUAN,-75.1333,-15.3333
SAN JUAN DE MARCONA,-75.1833,-15.3667
LOMAS,-74.8494,-15.5667
PUNTA LOMAS,-74.85,-15.5667
CERRO CONDORILLO,-74.2667,-14.6
LUCANAS,-74.2322,-14.62
PALCACHACRA,-74.2833,-14.5333
PAMPAHUASI,-74.25,-14.4833
IRURO,-74.2165,-14.6777
CCECCAIA,-74,-14.6
COCHALLA,-74.05,-14.7167
PAUCACORRAL,-74.1,-14.6667
PUQUIO,-74.1311,-14.6989
CECCHAPAMPA,-74,-14.8333
SAN PEDRO A,-74.1,-14.7667
SAN PEDRO DE CECCHA,-74.0833,-14.7667
SAISA,-74.4,-14.9333
ACARI,-74.6167,-15.4
COBRE PAMPA,-74.5333,-15.2
HUARATO,-74.5667,-15.2833
YAUCA,-74.5167,-15.6667
CORACORA,-73.7793,-15.0115
CHAVIHA,-73.8333,-14.9833
SANCOS,-73.95,-15.0667
CARHUANILLAS,-73.7333,-15.1333
PULLO,-73.8167,-15.2167
ATIQUIPA,-74.3667,-15.7833
LOMAS DE ATIQUIPA,-74.3667,-15.8
LA PUNTILLA,-76.2312,-13.8461
HACIENDA DEL SUR,-75.9667,-13.8667
PAMPA DE VILLACURI,-75.8,-13.95
CHALLACA,-75.3816,-13.79
SANTIAGO DE CHOCORVOS,-75.25,-13.8333
AYAVI,-75.35,-13.6833
ACORA,-75.3667,-13.7833
CHALLACA,-75.3833,-13.7833
TAMBO,-75.2736,-13.6911
TAMBILLOS,-75.4317,-13.7284
PARIONA,-75.0667,-13.5333
YACUNCHO,-75.1167,-13.65
HUAMANI,-75.5833,-13.8333
ICA (MACACONA),-75.7667,-14
CIPA,-75.7534,-14
TACAMA,-75.75,-13.9833
SANTA ROSA LLIHUA,-75.0833,-13.9167
FUNDO ROSARIO,-75.5833,-14.1333
MALLUCHIMPANA,-75.2833,-14.1
SAN JUAN DE HUIRPACANCHA,-75.2167,-13.95
FUNDO DON CARLOS,-75.7,-14
RIACHUELO,-75.6967,-14.0269
SAN CAMILO,-75.7167,-14.0667
SANTIAGO,-75.6478,-14.1931
OCUCAJE,-75.6667,-14.3833
NUEVO LANCHAS,-76.1,-13.7833
PISCO,-76.2167,-13.7333
SAN JOSE,-76.2333,-13.8167
LAGUNA HUICHINGA AURAHUA,-75.5667,-13.0333
SAN PEDRO DE HUACARPANA,-75.6481,-13.0489
SAN PEDRO DE HUACARPANA,-75.65,-13.05
ARMAS,-75.5333,-13.1167
VILLA DE ARMAS,-75.55,-13.1333
TANTARA,-75.6333,-13.0667
SAN JUAN DE YANAC,-75.7917,-13.2083
HUACHOS,-75.5333,-13.2167
SAN JUAN DE CASTROVIRREYNA,-75.6292,-13.2108
CONTA,-75.9667,-13.4333
FONAGRO,-76.1333,-13.4625
HACIENDA CANYAR,-76.1333,-13.4667
HACIENDA CAUCATO,-76.0428,-13.4809
SAN ANTONIO,-76.1667,-13.4833
HACIENDA BERNALES,-75.95,-13.75
CASTROVIRREYNA,-75.3167,-13.2833
PACOCOCHA,-75.2667,-13.2167
SINTO,-75.3333,-13.3333
TOTORA,-75.3167,-13.1167
PULTOC,-75.0667,-13.1
YANAMACHAY,-75.2333,-13.0667
HORNADA,-75.1,-13.4333
COCAS,-75.3667,-13.2667
TICRAPO,-75.4333,-13.3833
HUANCANO,-75.6167,-13.6
LETRAYOC,-75.7167,-13.65
CUSICANCHA,-75.3,-13.4833
HACIENDA MANRIQUE,-76.0333,-13.6833
PAUNA ( TOPARA),-76.2833,-13.2667
CANETE,-76.3167,-13.0667
HACIENDA CA,-76.3304,-13.0748
HUAAEC,-76.1388,-12.2943
HUAROCHIRI,-76.2333,-12.1333
HUANCATA,-76.2167,-12.2167
AYAVIRI,-76.1333,-12.3833
TINCO,-76.3,-12.2833
CALANGO (LA CAPILLA II),-76.4931,-12.5217
SAN PEDRO DE PILAS,-76.2167,-12.45
SUNGA,-75.7,-12.2667
YAURICOCHA,-75.7226,-12.3165
TANTA,-76.0167,-12.1167
VILCA,-75.8262,-12.1146
SIRIA,-75.7333,-12.2333
TOMAS,-75.75,-12.2333
CHAUCHA,-75.6609,-12.2203
CARANIA,-75.8721,-12.3444
LLAPAY,-75.8333,-12.3333
CHUNCHO,-75.65,-12.5333
HUANTAN,-75.8167,-12.45
PICAMARAN,-76.05,-12.7667
YAUYOS,-75.9084,-12.4918
COLONIA,-75.8833,-12.6333
PAMPAS,-75.8167,-12.75
CATAHUASI,-75.8833,-12.8
CALLANGAS,-76.0333,-12.8333
NICOLAS FRANCO SILVERA,-76.0881,-12.8992
PACARAN,-76.0667,-12.8333
VINAC,-75.7833,-12.9167
HUANGASCAR,-75.8337,-12.8986
SOCSI,-76.1945,-13.0283
PIEDRA GRANDE,-76.5167,-12.2167
SAN JAVIER DE ALTO CHUNCHO,-76.7333,-12.4833
TABLADA DE LURIN,-76.8205,-12.326
PANTANOS DE VILLA,-77.015,-12.2016
AEROPUERTO INTERNACIONAL,-77.1167,-12
ISLETA ANCON,-77.1884,-11.7764
HUARANGAL,-77.1,-11.7833
HUAROS,-76.5667,-11.4
PARIACANCHA,-76.5,-11.3833
OBRAJILLO,-76.6221,-11.4526
CANTA,-76.6258,-11.4711
HUAMANTANGA,-76.75,-11.5
LACHAQUI,-76.6167,-11.55
ARAHUAY,-76.7,-11.6167
COLLIQUE,-77.0333,-11.9167
CHORRILLOS,-77.0318,-12.1694
ACOBAMBA,-76.5167,-11.55
MINA COLQUI,-76.4833,-11.5833
PUCRO,-76.3667,-11.5667
TINGO,-76.4833,-11.6167
SHEQUE,-76.4987,-11.6666
LA QUISHA,-76.454,-11.657
CARAMPOMA,-76.5153,-11.655
MILLOC,-76.35,-11.5713
LA PIRHUA,-76.3167,-11.6833
BELLAVISTA,-76.2667,-11.6833
CASAPALCA,-76.2334,-11.6478
RIO BLANCO,-76.2589,-11.7345
AUTISHA,-76.6065,-11.7352
SAN JOSE DE PARAC,-76.2581,-11.8005
TAMBORAQUE,-76.3167,-11.7833
MATUCANA,-76.378,-11.8391
SANTA EULALIA,-76.6668,-11.918
CANCHACALLA,-76.5314,-11.8448
CHAUTE,-76.5167,-11.9333
LIMATAMBO,-77.0167,-12.0333
CHOSICA,-76.7,-11.9167
CHOSICA,-76.7333,-11.9333
LA CANTUTA,-76.7,-11.95
 ANA,-76.8388,-11.9885
SANTA CLARA,-76.8833,-12.0333
RIMAC,-77.05,-12.0167
SAN MARCOS,-77.0667,-12.0667
VON HUMBOLDT,-76.95,-12.0833
CAMPO DE MARTE,-77.0419,-12.0672
MODELO CAMPO DE MARTE,-77.0409,-12.0718
HIPOLITO UNANUE,-77.0607,-12.0693
LAS PALMAS,-77,-12.15
LINCE,-77.0275,-12.0856
TICLIO,-76.2,-11.6
CHALILLA,-76.3333,-11.9333
SAN DAMIAN,-76.3833,-12.0167
SANTIAGO DE TUNA,-76.5167,-11.9833
ANTIOQUIA,-76.5,-12.0833
CIENEGUILLA,-76.8167,-12.1167
LANGA,-76.4,-12.1
MANCHAY BAJO,-76.8667,-12.1667
SAN LAZARO DE ESCOMARCA,-76.35,-12.1833
ATOCONGO,-76.9,-12.2167
LOMAS DE PASAMAYO,-77.2907,-11.5347
SANTA ROSA,-77.3833,-11.2167
LOMAS DE LACHAY,-77.3667,-11.3667
LOMAS DE LACHAY,-77.3667,-11.35
CAPITANIA HUACHO,-77.6099,-11.1166
DONOSO,-77.2333,-11.4667
HACIENDA RETES HUARAL,-77.2333,-11.4667
HUARAL,-77.2333,-11.4667
CAMAY,-77.6489,-10.913
HUACHO,-77.6,-11
CHACACA,-77.6167,-11.0667
CHACUA,-76.6833,-10.6167
CHALGO,-76.6,-10.85
GAZUNA ALTA,-76.8333,-10.5167
LAGUNA COCHAQUILLO,-76.6667,-10.7833
LAGUNA SURASACA,-76.7833,-10.5167
OYON,-76.7667,-10.6667
PATON,-76.7,-10.6667
SHARIN,-76.6833,-10.8667
SHUSCHAPA,-76.75,-10.5167
SURASACA,-76.7833,-10.5167
TABLADAS,-76.6667,-10.7667
COCHAQUILLO,-76.6649,-10.8128
PICOY,-76.7167,-10.8833
ANDAJES,-76.9,-10.7833
CACHIPACARAN,-76.9333,-10.7333
PACHANGARA,-76.8167,-10.7833
PAMPA LIBRE,-76.9667,-10.8667
PARQUIN,-76.7167,-10.9667
PICOY,-76.7333,-10.9167
TUPE,-76.65,-11
PACCHO,-76.9333,-10.95
ALCANTARILLA,-77.55,-11.05
HUMAYA,-77.4167,-11.1
ANDAHUASI,-77.2333,-11.1333
PACHAMACHAY,-76.8333,-11.05
YAURINGA,-77.0167,-11.1333
PALLAC,-76.8,-11.35
PACAYBAMBA,-76.9,-11.45
CARAC,-76.7833,-11.1833
SANTA CRUZ,-76.6333,-11.2
SANTANDER,-76.6325,-11.1903
PIRCA,-76.65,-11.2333
HUAYAN,-77.1167,-11.45
BARRANCA,-77.75,-10.75
PURMACANA,-77.6333,-10.7667
OTOPONGO,-77.6833,-10.6167
PARAMONGA,-77.7833,-10.6667
PARARIN,-77.5333,-10.05
CONOCOCHA # 1,-77.3333,-10.1167
LAMPAS BAJO # 3,-77.3667,-10.0667
LLACLLIN,-77.6167,-10.0667
CAJACAY,-77.4333,-10.15
MAYORARCA (RIN RIN),-77.4167,-10.1667
CHAMANA,-77.5587,-10.2073
CHAMANA,-77.5667,-10.25
CONGAS,-77.4333,-10.3333
AQUIA,-77.1095,-10.0557
CHIQUIAN,-77.15,-10.15
OCROS,-77.4,-10.4
CAJATAMBO,-76.9833,-10.4667
CASHAURCO,-76.8333,-10.4667
ACO,-77.2333,-10.5
HUAYTO,-77.65,-10.65
GORGOR,-77.0333,-10.5667
AMBAR,-77.2833,-10.75
LAS ZORRAS,-78.05,-10.2667
HUARMEY,-78.1667,-10.0833
PUNTA CULEBRAS,-78.1818,-9.99771
TOCANCA,-77.9833,-8.86667
HUACATAMBO,-78.4167,-9.23333
QUILLO,-78.0333,-9.33333
SAN JACINTO DE NEPE,-78.1718,-9.2702
BUENA VISTA,-78.2,-9.43333
CHACCHAN,-77.7753,-9.53519
PARIACOTO,-77.8897,-9.55939
PIRA,-77.707,-9.58325
YAUTAN,-78,-9.51667
CAJAMARQUILLA,-77.7411,-9.63289
QUIAN,-77.95,-9.76667
HIDROELECTRICA,-77.85,-9.81667
HUANCAPETI,-77.5333,-9.75
AIJA,-77.607,-9.78136
SAN DIEGO,-78.1,-10.1
LA MERCED,-77.6833,-9.7
HUAYAN,-77.7167,-9.88333
COTAPARACO,-77.5833,-9.98333
MALVAS,-77.65,-9.93333
TAPACOCHA,-77.5667,-10
CHIMBOTE OCEANO,-78.6,-9.06667
ALTO PERU,-78.5896,-8.99817
SANTA,-78.6167,-8.98333
HUACAMARCANGA,-78.293,-8.12147
CACHICADAN,-78.1494,-8.09181
CACHICADAN,-78.15,-8.1
MOLLEPATA,-77.9542,-8.19156
SANTIAGO DE CHUCO,-78.1667,-8.13333
CONCHUCOS,-77.85,-8.26667
CABANA,-78.002,-8.35319
CORONGO,-77.9,-8.56667
LA PAMPA,-77.8833,-8.66667
RINCONADA,-78.5667,-8.9
HIDRO,-77.85,-8.8
PASHPAP,-77.9833,-8.76667
QUISTICOCHA,-77.95,-8.83333
QUITACOCHA,-77.9667,-8.86667
CHIMBOTE,-78.5419,-9.0691
TOCANCA,-77.8333,-8.86667
LOS CEDROS,-77.8167,-8.86667
CARAZ,-77.8167,-9.05
CARAZ,-77.8,-9.05
PARON,-77.6833,-9
SANTIAGO ANTUNEZ DE MAYOLO,-77.7833,-9.06667
LLANGANUCO,-77.65,-9.08333
YUNGAY,-77.7507,-9.14964
YUNGAY,-77.7659,-9.17286
TINGUA,-77.6833,-9.21667
CHANCOS,-77.5667,-9.31667
ANTA,-77.6,-9.35
HUARAZ - UNASAM,-77.5249,-9.51653
HUARAZ,-77.5333,-9.53333
HUARAZ,-77.5333,-9.53333
QUEROCOCHA # 4,-77.3333,-9.71667
SAN LORENZO # 5,-77.3667,-9.75
SHACAYPAMPA,-77.3833,-9.76667
TICAPAMPA,-77.45,-9.75
QUIRUNCANCHA,-77.5,-9.73333
RECUAY,-77.4538,-9.72919
LAGUNA UTUTO,-77.5,-9.68333
COLLOTA,-77.3667,-9.95
LAMPAS ALTO # 2,-77.2333,-10.1167
MILPO,-77.2333,-9.88333
PACHACOTO,-77.4,-9.85
RECRETA,-77.3167,-10.0333
CONOCOCHA,-77.3,-10.1167
YANACOCHA,-77.2167,-10.0333
PUNTA MOJON,-77.2167,-10.15
SALAVERRY,-78.9667,-8.21667
HACIENDA TOMABAL,-78.6833,-8.41667
VIRU,-78.75,-8.41667
SINSICAP,-78.7559,-7.85092
OTUZCO,-78.5667,-7.9
QUIRUVILCA,-78.3077,-8.00422
SALPO,-78.6071,-8.00533
SALPO,-78.6167,-8
LAREDO,-78.85,-8.08333
JULCAN,-78.5,-8.05
TRUJILLO,-79.1,-8.08333
TRUJILLO,-79,-8
TRUJILLO,-79.0527,-8.10127
UNIVERSIDAD NACIONAL DE TRUJILLO,-79.0333,-8.1
CASA GRANDE,-79.1833,-7.75
PUERTO CHICAMA,-79.4364,-7.69881
CHICDEN,-78.3667,-7.46667
SAN BENITO,-78.9333,-7.38333
CAMPODEN,-78.5167,-7.51667
COSPAN,-78.5333,-7.43333
COSPAN,-78.3833,-7.43333
HUAYCOT,-78.3833,-7.41667
SALAGUAL,-78.4667,-7.45
TURBINA,-78.3591,-7.45647
SAYAPULLO,-78.45,-7.41667
SUNCHUBAMBA,-78.3833,-7.48333
SAN BENITO,-78.9333,-7.43333
CASCAS,-78.8167,-7.48333
TAMBO,-78.7,-7.56667
CASAIS,-78.4167,-7.5
LA ROSA,-78.4667,-7.58333
CHICLIN,-79.15,-7.83333
CAPACHIQUE,-78.3167,-7.85
COINA,-78.3667,-7.8
CALLANCAS,-78.4773,-7.76739
CARTAVIO,-79.2167,-7.88333
LA ESPERANZA,-81.0606,-4.91778
ARDILLA (SOLANA BAJA),-80.4333,-4.51667
LOS ENCUENTROS,-80.2833,-4.43333
CHILACO,-80.4486,-4.67798
ALAMOR,-80.387,-4.48869
MALLARES,-80.7147,-4.85711
EL CIRUELO,-80.15,-4.3
LA TINA,-79.95,-4.4
PICO DE LORO,-79.8667,-4.53333
SUYO,-80,-4.53333
PUENTE INTERNACIONAL,-79.9684,-4.39985
ANIA CABUYAL,-79.4833,-4.85
AUL (C. MEMBRILLO),-79.7,-4.55
AYABACA,-79.7167,-4.63333
ESPINDOLA,-79.5,-4.63333
HUARA DE VERAS,-79.5667,-4.58333
LAS ARREBIATADAS,-79.4667,-4.75
OLLEROS,-79.65,-4.7
SAUSAL DE CULUCAN,-79.7617,-4.74778
TACALPO,-79.6,-4.65
TAPAL,-79.55,-4.76667
TIPULCO,-79.5667,-4.7
VADO GRANDE,-79.611,-4.47386
LAGUNA SECA,-79.4833,-4.88333
NACIENTES DE ARANZA,-79.4727,-4.91055
JILILI,-79.8,-4.58333
SICCHEZ,-79.7667,-4.56667
PAIMAS,-79.95,-4.61667
TOMA DE ZAMBA,-79.9,-4.66667
PARAJE GRANDE,-79.9,-4.61667
MONTERO,-79.8333,-4.63333
LAS LOMAS,-80.2778,-4.62607
LAS LOMAS,-80.2438,-4.60346
PARTIDOR,-80.25,-4.63333
REPRESA SAN LORENZO,-80.2167,-4.66667
LANCONES,-80.5472,-4.64278
ALIVIADERO,-80.5167,-4.71667
CHILACO,-80.5,-4.7
SOMATE,-80.5167,-4.75
ARRENDAMIENTOS,-79.9,-4.83333
ARANZA,-79.9833,-4.85
LAGARTERA,-79.9667,-4.73333
SAPILLICA,-79.9833,-4.78333
NANGAY MATALACAS,-79.7667,-4.86667
PACAYPAMPA,-79.6628,-4.99306
SAN JUAN DE LOS ALISOS,-79.5333,-4.96667
TALANEO,-79.55,-5.05
SAN JACINTO,-80.8667,-4.85
ARENALES,-79.85,-4.91667
FRIAS,-79.85,-4.93333
LAS PIRCAS,-79.8,-4.98333
PUENTE SULLANA,-80.687,-4.87599
EL ALTO,-81.2239,-4.2725
LOBITOS,-81.2667,-4.45
TALARA,-81.2667,-4.56667
TALARA,-81.25,-4.56667
NEGRITOS,-81.3,-4.65
PANANGA,-80.8833,-4.55
EL PATO,-81.2333,-4.53333
CAMPAMENTO SEDE,-80.4333,-3.55
PUERTO PIZARRO,-80.4667,-3.51468
LOS CEDROS,-80.5021,-3.5179
HITO BOCANA,-80.1833,-3.91667
CONDOR FLORES,-80.148,-3.88517
CABO INGA,-80.4333,-3.96667
CAPITAN HOYLE,-80.4833,-4.06667
RICA PLAYA,-80.5009,-3.80481
EL TIGRE,-80.4589,-3.76399
CHACRITAS,-80.3667,-3.7
QUEBRADA ANGOSTURA,-80.4,-3.76667
HUASIMO,-80.5295,-4
HUASIMO,-80.5295,-4.00551
LOS PINOS,-80.641,-3.84299
CANAVERAL,-80.65,-3.93333
CHERRELIQUE,-80.6833,-4.03333
LA CRUZ,-80.5388,-3.62599
PAPAYAL,-80.2333,-3.56667
EL CAUCHO,-80.2667,-3.81667
EL CAUCHO,-80.2667,-3.81667
HITO COTRINA,-80.1667,-3.81667
MATAPALO,-80.2167,-3.7
MATAPALO,-80.2,-3.66667
EL SALTO,-80.3167,-3.43333
ZARUMILLA,-80.2833,-3.5
ZARUMILLA,-80.2833,-3.5
TUMBES,-80.3833,-3.55
TUMBES COLOMA,-80.3833,-3.55
CIA.TUMPIS,-80.3222,-3.51667
HACIENDA FERNANDEZ,-80.95,-4.16667
NEGRITOS,-80.8833,-4.05
BORJA,-77.55,-4.46667
BARRANCA,-76.7,-4.83333
SAN LORENZO,-76.7,-4.81667
SARGENTO PUCO,-77.6,-3.21667
RIMACHI,-76.65,-4.41667
SOPLIN,-76.35,-3.4
SILVA MERINO,-74.2323,-4.68602
PITHECIA,-74.5,-4.58333
SANTA RITA DE CASTILLA,-74.3667,-4.6
FILABOTON,-76.6928,-7.46435
CAMPANILLA,-76.6833,-7.43333
CAMPANILLA,-76.6833,-7.43333
EL VALLE,-76.7833,-7.56667
BALZAYACU,-76.743,-7.86613
SION,-76.7777,-7.75367
TANANTA,-76.6074,-8.12226
ONGON,-77.0122,-8.24206
PUERTO PIZANA,-76.5674,-8.10842
TOCACHE,-76.5167,-8.18333
VIVEROS DE TOCACHE,-76.55,-8.2
INSTITUTO SUPERIOR TECNOLOGICO TOC*,-76.4194,-8.22258
SANTA LUCIA,-76.4722,-8.26219
AJI,-76.6798,-8.29449
OLLATES,-76.4167,-8.41667
PALMAWASI,-76.4167,-8.41667
PALMAWASI,-76.4167,-8.41667
UCHIZA,-76.4,-8.43333
YONTE,-76.3833,-8.41667
UCHIZA,-76.4586,-8.50259
AUCAYACU,-76.0333,-8.93333
CACHICOTO,-76.35,-9.18333
AUCAYACU,-76.0832,-8.95125
LA MORADA,-76.2561,-8.79301
TINGO MARIA,-76.0167,-9.3
TINGO MARIA QUIIONES,-75.9878,-9.29194
TINGO MARIA,-76.032,-9.16652
PLANTACION MARGARITA,-75.8333,-9.11667
PLANTACION PORVENIR,-75.8333,-9.11667
RIO AZUL,-75.85,-9.11667
LA DIVISORIA,-75.8092,-9.16712
TULUMAYO,-75.9,-9.25
TULUMAYO,-75.8497,-9.32648
JACAS CHICO,-76.5,-9.88333
JACAS CHICO,-76.5,-9.88333
CARPISH,-76.0833,-9.66667
CARPISH,-76.0667,-9.66667
PUENTE TARUCA,-76.1258,-9.84603
HUANUCO,-76.2743,-9.88992
CANCHAN,-76.3097,-9.92111
HUANUCO,-76.2333,-9.93333
PANAO (LOS MOLINOS),-76.05,-9.91667
HUANUCO CAYHUAYNA,-76.248,-9.96101
AMBO (IDMA),-76.1667,-10.1333
SAN RAFAEL,-76.1769,-10.33
CHACAYAN,-76.4333,-10.45
HUARIACA,-76.1833,-10.4333
CHAPRIN,-76.1407,-10.4971
YANAHUANCA,-76.5139,-10.4906
YANAHUANCA,-76.5167,-10.4833
GOYLLARISQUISGA,-76.4,-10.4667
ATACOCHA,-76.1983,-10.5667
MILPO,-76.1946,-10.6
PARIAMARCA,-76.183,-10.6482
CHIQUICOCHA,-76.15,-10.6333
HACIENDA CARMEN CHICO,-76.2,-10.6333
CASARACRA,-75.95,-11.45
CASARACRA,-75.95,-11.45
MALPASO,-76.0333,-11.4
PUNABAMBA,-76.0742,-11.4466
TINGO DE HUALPA,-75.9006,-11.4229
HACIENDA PUCARA,-76.0667,-11.5833
HUASCACOCHA,-76.0833,-11.5833
PUCARA,-76.0667,-11.5833
PUNABAMBA,-76.0833,-11.4833
SANTA RITA,-76.1167,-11.5833
TUCTU GOLF,-76.1333,-11.6
MOROCOCHA,-76.1018,-11.6113
HUACRAPUQUIO,-75.2023,-12.1681
ALCACOCHA,-76.3297,-10.6054
QUIULACOCHA,-76.2833,-10.7
TAMBO DEL SOL,-76.0891,-10.8907
CERRO DE PASCO,-76.2642,-10.6933
LA FUNDICION,-76.2667,-10.75
AYARACRA,-76.45,-10.8333
HUAYLLAY,-76.3667,-11
LA CRUZADA,-76.4,-11.0333
LAGUNA HUARON,-76.4167,-11.0167
LAGUNA PUN RUN,-76.45,-10.8333
SHELEY,-76.2333,-10.8167
UPAMAYO,-76.1017,-10.9479
UPAMAYO,-76.0943,-10.9552
CARHUAMAYO,-76.0667,-10.9167
CARHUAMAYO,-76.05,-10.9167
LUXOPATA,-76.0167,-10.9333
SAN BLAS,-76.1833,-11.1
CASAPATOS,-76.0076,-11.007
ATOCSAICO,-76.0667,-11.3
JUNIN,-75.9888,-11.1431
LA CIMA,-75.9167,-11.2833
ALPAMARCA,-76.45,-11.2167
CARHUACAYAN,-76.2833,-11.2
HUEQUE,-76.2833,-11.2333
RIO PALLANGA,-76.45,-11.15
SAN JOSE DE PALLANGA,-76.45,-11.15
SANTO DOMINGO,-76.3333,-11.1333
CANCHALLOC,-76.3,-11.4833
HACIENDA CORPACANCHA,-76.2167,-11.3667
MARCA (CAMPAMENTO DE REPOSO),-76.3333,-11.4167
MARCAPOMACOCHA,-76.325,-11.4044
YANTAC,-76.4,-11.3333
CURIPATA,-75.9833,-11.6167
HUARI,-75.8167,-11.6333
LA OROYA,-75.9,-11.5167
OROYA,-75.9,-11.5167
OROYA EXPERIMENTAL,-75.9167,-11.5
OROYA HIDRO,-75.9,-11.5167
OROYA MAYUPAMPA,-75.9,-11.5167
PACHACHACA,-75.9167,-11.5
QUIULLA,-75.8333,-11.6167
PACHACHACA,-75.9616,-11.6167
LA OROYA,-75.9585,-11.5676
TAZA OROYA,-75.9234,-11.5249
HUALLACOCHA,-76.1,-11.7667
PACHACHACA,-76.0333,-11.6167
POMACOCHA,-76.1167,-11.7167
POMACOCHA,-76.1333,-11.7333
SAN CRISTOBAL,-76.05,-11.7333
YAULI,-76.0833,-11.6667
SAN PEDRO DE CHUCLU,-75.4997,-11.7576
HACIENDA COCHAS,-75.8,-11.9667
HACIENDA PACHACAYO,-75.7167,-11.7667
HACIENDA PINASCOCHAS,-75.8333,-11.8167
PACHACAYO,-75.7167,-11.8167
YAURICOCHA,-75.9,-11.9667
JAUJA,-75.4744,-11.7836
YANAMA,-75.6278,-11.8237
CALICANTO,-75.6219,-11.8752
HACIENDA CONSAC,-75.615,-11.8622
ZONA VISCAS,-75.6731,-11.8188
HUARIPAMPA,-75.45,-11.8
SAN JUAN DE PAMPA,-75.3667,-11.8333
SAN LORENZO,-75.3833,-11.85
MANTARO,-75.3896,-11.8403
INGENIO,-75.2558,-11.8794
HUAYCHULO,-75.1,-11.8833
MARAVILCA,-75.1,-11.8833
FUNDO HUAYHUASC,-75.3167,-11.8667
SANTA ROSA DE OCOPA,-75.2833,-11.8667
SINCOS,-75.3744,-11.8915
ACOPAMPA,-75.1611,-11.9587
AZA,-75.2,-12.0167
CAJAS CHICO,-75.2167,-12.0667
FUNDO LA VICTORIA,-75.2333,-12.0167
HACIENDA MEJORADA,-75.2167,-12.0333
HACIENDA PORVENIR,-75.2333,-12.0333
SANTA ANA,-75.2208,-12.0042
SHULLCAS,-75.1667,-12
CONCEPCION,-75.3167,-11.9167
CONCEPCION,-75.3167,-11.9167
SAN JUAN DE MATAH,-75.3333,-11.9
SAN LUIS DE ALAPA,-75.3,-11.9333
ESEP PALIAN,-75.1833,-12.0333
SAN PEDRO DE SAPO,-75.25,-11.95
ORCOTUNA,-75.2983,-11.9655
HUYAO HUANCAYO,-75.3167,-12
ORCOTUNA,-75.3,-11.9667
CAJAS GRANDE,-75.2333,-12
HUALHUAS,-75.2333,-11.9833
SICAYA,-75.2667,-12
HACIENDA COLPAS,-75.3,-12
HUAYAO,-75.2667,-12.0333
USIBAMBA,-75.4744,-12.05
HACIENDA JATUNHUASI,-75.6,-12.0833
ANGASMAYO,-75.35,-12.0333
HUAYAO,-75.3228,-12.0383
HUACHAC,-75.3356,-12.0457
COLPA,-75.4393,-12.0523
SAN JUAN DE JARPA,-75.4304,-12.0581
COSMOS,-75.5212,-12.1486
SAN JUAN DE JARPA,-75.4319,-12.1239
CHICHICOCHA,-75.5186,-12.1682
MIRAFLORES,-75.15,-12.1167
CHUPACA,-75.2769,-12.0573
LA LIBERTAD,-75.2383,-12.0727
TRES DE DICIEMBRE,-75.2361,-12.0922
HUANCAN,-75.2,-12.1
HUAYUCACHI,-75.2,-12.1167
LA VICTORIA,-75.2667,-12.1
LAIVE,-75.3606,-12.2522
CHUNCHO,-75.4982,-12.3206
CHONGOS BAJO,-75.259,-12.1264
VIQUES,-75.2175,-12.1627
VIQUES,-75.2281,-12.1558
ANDAMARCA,-74.8333,-11.7167
PARIAHUANCA,-74.9333,-11.9667
ACOPALCA,-75.0156,-11.9081
HUAYTAPALLANA,-74.9489,-11.9414
MATIBAMBA,-74.8167,-12.0833
SALCABAMBA,-74.8167,-12.15
SALCABAMBA,-74.8167,-12.15
SAN LORENZO,-74.7691,-12.3054
COCHARAN,-74.75,-12.4833
COLCABAMBA,-74.6775,-12.4064
HUANCAYOCCASA,-74.7,-12.3667
KICHUAS,-74.7667,-12.4667
LOS NOGALES,-74.6833,-12.3833
PAJAYRAGRA,-74.6667,-12.3667
RANRA,-74.7333,-12.3333
PAUCARBAMBA,-74.6052,-12.452
PAMPAS,-74.8885,-12.3
LA MEJORADA,-74.8653,-12.4966
LA MEJORADA,-74.8395,-12.393
CERCAPUQUIO,-75.4167,-12.4333
PALACO,-75.3,-12.3333
ACOSTAMBO,-75.0356,-12.3424
TELLERIA,-75.091,-12.3667
TELLERIA,-75.0873,-12.3722
ACOSTAMBO,-75.05,-12.3667
PILCHACA,-75.0833,-12.35
HACIENDA TOCAZ,-74.6133,-12.4995
HUANCALPI,-75.2419,-12.58
QUEOLLACOCHA,-74.6425,-12.507
MANTACRA,-74.6845,-12.5366
MANTACRA,-74.6827,-12.5622
VILLENA,-74.6833,-12.5167
MANTA,-75.2,-12.6167
COBRIZA,-74.3857,-12.5701
LA COBRIZA,-74.4,-12.5667
SANTA ROSA,-74.4,-12.6333
ACOBAMBILLA,-75.3167,-12.6667
CHILICOCHA,-75.4,-12.6833
TELEPACCHA,-75.3,-12.75
CHURCAMPA,-74.3833,-12.7333
HUANCAVELICA,-74.9667,-12.7833
HUANCAVELICA,-75.0122,-12.7806
ASTOBAMBA,-75.1037,-12.9188
ALCOMACHAY,-74.3333,-12.8261
MAYOCC,-74.3833,-12.8
LURICOCHA,-74.2333,-12.8167
HUICHICOCHA,-75.1172,-12.9948
HUANTA,-74.2392,-12.9458
HUANTA,-74.25,-12.9333
ACOBAMBA,-74.5678,-12.8375
HUACHOCOLPA,-74.95,-13.0333
HUAPA LIRCAY,-74.7167,-13
LIRCAY,-74.7178,-12.9817
LIRCAY,-74.7167,-12.9833
JULCAMARCA,-74.4333,-13.0167
LA QUINUA,-74.1414,-13.0553
WAYLLAPAMPA,-74.2167,-13.0764
SAN PEDRO DE CACHI,-74.3985,-13.0866
SAN PEDRO DE CACHI,-74.3919,-13.0836
AYACUCHO,-74.2,-13.15
HUAMANGA,-74.237,-13.15
ALLPACHACA,-74.2667,-13.3833
VILCASHUAMAN,-73.9544,-13.66
ANDAHUAYLAS,-73.3706,-13.6567
HUANCABAMBA,-73.35,-13.7333
HUANCAPI,-74.0681,-13.7489
HUANCARAY,-73.5333,-13.75
HUACAHA,-73.8833,-14.1667
HACIENDA COCHAS,-73.8833,-13.0333
SAN MIGUEL,-73.9833,-13.0167
CHOCLOCOCHA,-75.0708,-13.1583
SAN GENARO,-75.1,-13.2
CHUNGUI,-73.6167,-13.2167
CHOCLOCOCHA,-75.0063,-13.3317
SANTA ANA,-75.0563,-13.215
ACNOCOCHA,-75.0833,-13.2167
LOS LIBERTADORES,-74.9167,-13.4
LOS LIBERTADORES,-74.9667,-13.3333
TUNEL CERO,-75.0856,-13.2589
PAMPAS,-73.8134,-13.4333
PARAS,-74.6333,-13.55
CHUSCHI,-74.35,-13.5833
VISCHONGO,-74,-13.5833
ANDARAPA,-73.3667,-13.5167
CHINCHEROS,-73.7167,-13.5167
URIPA,-73.6833,-13.5333
URIPA,-73.6833,-13.5333
TALAVERA,-73.4319,-13.6581
CANGALLO,-74.1167,-13.6333
UCHPA,-74.6333,-13.7
CARHUANCA,-73.7833,-13.7333
RAYUSCA,-74.3488,-13.9788
HUANCASANCOS,-74.3333,-13.9167
PATAHUASI,-74.4,-14.1333
URUBAMBA,-74.3139,-14.1002
PUTACCASA,-74.2055,-14.1075
PECOPE,-73.45,-14.0667
CHILCAYOC,-73.7264,-13.8825
QUEROBAMBA,-73.8333,-14.0167
PAICO,-73.6313,-14.0205
PAMPAMARCA,-74.2,-14.2333
AUCARA,-73.9722,-14.2742
PAUCARAY,-73.6383,-14.0436
PAUCARAY,-73.6333,-14.05
SORAS,-73.6123,-14.1318
PAMPACHIRI,-73.55,-14.1833
CHIPAO,-73.8833,-14.3667
ANDAMARCA,-73.9667,-14.3833
PICHARI,-73.8483,-12.4575
TERESITA,-73.8,-12.55
SIVIA,-73.8667,-12.5
MACHENTE,-73.826,-12.5609
SAN FRANCISCO,-73.7893,-12.6298
ANCO,-73.5667,-12.9667
MOLLEPATA,-72.55,-13.5167
CUNYAC,-72.7,-13.55
CURAHUASI,-72.7347,-13.5522
ABANCAY,-72.8703,-13.6081
GRANJA MODELO,-72.8869,-13.5739
ABANCAY,-72.8833,-13.6333
HUANCARAMA,-73.0833,-13.65
TAMBOBAMBA,-72.1756,-13.9456
CHUQUIBAMBILLA,-72.7,-14.1
PAMPAPUQUIO,-72.685,-14.1
CHALHUANCA II,-73.1667,-14.3333
CHALHUANCA,-73.1792,-14.3919
ANTABAMBA,-72.8833,-14.3667
PARURO,-71.8444,-13.7672
LIVITACA,-71.6833,-14.3167
ACOMAYO,-71.6892,-13.9214
SANTO TOMAS,-72.0838,-14.4386
YAURI,-71.4317,-14.8014
JANACANCHA (CAYLLOMA),-71.7435,-15.2922
ANGOSTURA,-71.65,-15.1833
CAYLLOMA,-71.7682,-15.1854
CHALLPO,-71.7667,-15.2667
LA ANGOSTURA,-71.6492,-15.1794
MINAS CAYLLOMA,-71.85,-15.15
PUSA PUSA,-71.65,-15.2167
SEPA,-73.3192,-10.4045
SEPAHUA,-73.0858,-10.7378
CIRIALO,-73.1833,-12.7167
ECHARATE,-72.6281,-12.7613
ECHARATE,-72.587,-12.7812
QUEBRADA YANATILE,-72.2708,-12.6747
OCOBAMBA,-72.4333,-12.8333
QUILLABAMBA,-72.6917,-12.8558
MARANURA,-72.6667,-12.95
VILCABAMBA,-73.0167,-13.1167
HUYRO,-72.45,-13.0667
URCOS,-71.6333,-13.7
HUACHIBAMBA,-72.1,-13.05
ACJANACO,-71.6803,-13.1502
CHACLLABAMBA,-71.7167,-13.1
CHALLABAMBA,-71.6469,-13.2172
HACIENDA SANTA INES,-71.8333,-13.2
SUNCHUBAMBA,-71.6772,-13.2375
MACHU PICCHU,-72.5456,-13.1667
PAUCARTAMBO,-71.5903,-13.3242
CALCA,-71.95,-13.3333
YUCAY,-72.0833,-13.3
COLQUEPATA,-71.7053,-13.3631
COLQUEPATA,-71.6833,-13.3667
URUBAMBA,-72.1291,-13.3231
PISAC,-71.8494,-13.4158
PISAC,-71.8333,-13.4333
CHINCHERO,-72.0612,-13.3909
ANTA ANCACHURO,-72.2156,-13.4681
ZURITE,-72.2667,-13.4667
CHITAPAMPA,-71.9175,-13.4537
PERAYOC,-71.95,-13.5167
CAICAY,-71.6872,-13.5945
CAICAY,-71.6945,-13.5853
HUAMBUTIO,-71.7075,-13.5717
CCATCCA,-71.56,-13.6097
HUAYLLAPAMPA,-71.4407,-13.5813
GRANJA KCAYRA,-71.875,-13.5567
CUSCO,-71.9667,-13.5333
OCONGATE,-71.4,-13.6333
POMACANCHI,-71.5358,-14.0278
COMBAPATA,-71.4333,-14.1
SICUANI,-71.2369,-14.2533
YANAOCA,-71.4333,-14.2167
CHECTUYOC,-71.2,-14.3333
MARANGANI,-71.15,-14.3833
LA RAYA,-71.2312,-14.4248
HUARAYA MOHO,-69.4843,-15.3883
CONIMA,-69.4333,-15.45
ARAPA,-70.1182,-15.1362
PUTINA,-69.8678,-14.9146
PUTINA,-69.8678,-14.9146
MUNANI,-69.9518,-14.7669
HUANCANE,-69.7536,-15.2015
COJATA,-69.3667,-15.0167
COJATA,-69.3637,-15.0254
RAMIS,-69.8665,-15.2371
TARACO,-69.9203,-15.2558
TARACO,-69.9667,-15.3
NUNOA,-70.6333,-14.4833
ANTAUTA,-70.3,-14.3
CRUCERO,-70.0259,-14.3642
CRUCERO,-70.0333,-14.3667
SOLLOCTA,-69.9615,-14.3579
ANANEA,-69.5572,-14.6043
ANANEA,-69.5342,-14.6784
PROGRESO,-70.3145,-14.7156
ORURILLO,-70.5167,-14.7333
AZANGARO,-70.1908,-14.9144
AZANGARO,-70.1833,-14.9167
SANTA ROSA,-70.7928,-14.6178
SANTA ROSA,-70.7833,-14.6167
AYAVIRI,-70.5931,-14.8719
CHUQUIBAMBILLA,-70.7264,-14.7903
TIRAPATA,-70.4,-14.95
LLALLY,-70.8811,-14.9514
LLALLY,-70.8833,-14.9333
PUCARA,-70.3666,-15.0497
PUCARA,-70.3755,-15.0517
HACIENDA ORDU,-70.7566,-15.2884
JULI,-69.4599,-16.2038
YUNGUYO,-69.0025,-16.2475
TAHUACO - YUNGUYO,-69.0747,-16.3078
TUQUINA,-69.2667,-16.35
DESAGUADERO,-69.0401,-16.5685
GRANJA SALCEDO,-70,-15.8833
PUNO,-70.0121,-15.8263
SAN MARTIN DE PORRES,-70,-15.8667
LAGO TITICACA,-70.0222,-15.837
CAMACANI,-69.8167,-15.9333
CARITAMAYA,-69.7572,-15.9373
RINCON DE LA CRUZ,-69.8167,-15.9833
RINCON DE LA CRUZ,-69.8,-15.9833
ILAVE,-69.645,-16.0882
COLLACACHI,-69.9833,-15.9667
LARAQUERI,-70.0666,-16.1547
LARAQUERI,-70.05,-16.1333
CHILLIGUA,-69.6313,-16.4193
CHICHILLAPI,-69.7833,-16.9333
COYPA COYPA,-69.9333,-17.0167
MAZO CRUZ,-69.7155,-16.739
MAZO CRUZ,-69.7167,-16.7333
PIZACOMA,-69.3686,-16.907
ISLA SOTO,-69.4913,-15.5598
ISLA SOTO,-69.4858,-15.5309
ISLA TAQUILE,-69.6935,-15.768
ISLA TAQUILE,-69.6858,-15.7642
LOS UROS,-69.9385,-15.8135
HUACULLANI,-69.3376,-16.1154
I,-69.5781,-10.9558
FUNDO IBERIA,-69.5833,-11.35
IBERIA,-69.5833,-11.35
PAKITZA,-71.2828,-11.9442
SALVACION,-71.4034,-12.8303
SHINTUYA,-71.1821,-12.7896
PILCOPATA,-71.1914,-13.1505
CHONTACHACA,-71.4675,-13.0236
ROCOTAL,-71.5706,-13.1131
OLLACHEA,-70.4971,-13.8039
QUINCEMIL,-70.765,-13.2233
QUINCEMIL,-70.7667,-13.2
LIMBANI,-69.7056,-14.1538
LIMBANI,-69.7,-14.15
SAN GABAN,-70.3891,-13.6902
OTORONGO,-70.4,-13.4667
SAN GABAN,-70.4046,-13.4405
MACUSANI,-70.4391,-14.07
SINA,-69.2833,-14.5
CUYO CUYO,-69.549,-14.4889
TAMBOPATA,-69.15,-12.65
TAMBOPATA,-69.1611,-14.2272
PUERTO MALDONADO,-69.205,-12.5894
PUERTO MALDONADO,-69.2,-12.5833
BREU,-72.7833,-9.51667
PUERTO ESPERANZA,-70.75,-9.75
OVENTENI,-74.2353,-11.047
JACAYHUANCA,-75.8333,-11.4
TARMA,-75.6914,-11.3967
LA GRANJA,-75.2167,-10.7167
VILLA RICA,-75.2625,-10.7542
HACIENDA HUANCA,-75.9641,-10.6264
TALENGA,-75.9263,-10.548
HUANGUSH BAJO,-75.8833,-10.6333
LECHE COCHA,-75.95,-10.5833
MANTO,-75.5833,-10.7167
PACCHAPATA,-75.9167,-10.5833
ALTO MACHAY,-75.9558,-10.6399
JAICO,-75.8566,-10.5957
JANCAHUAY,-75.8566,-10.579
LUICHOCOCHA,-75.9566,-10.6457
MACHAVADO,-75.8399,-10.5624
HUANGUSH ALTO,-75.887,-10.5217
SUPAYHUAYTA,-75.887,-10.6273
MEZA PATA,-75.3833,-10.7167
YAUPI,-75.5315,-10.7353
PAUCARTAMBO,-75.8076,-10.7456
CHANCHOS BAJO,-75.9333,-10.8333
CHANCHOS BAJOS SUR,-75.85,-10.85
CHUPACA,-75.9833,-10.8
COCHACHUPAN #1,-75.8667,-10.7833
COCHACHUPAN #2 Y #3,-75.7914,-10.787
GALLORUMI,-75.9,-10.8333
HUISCAPALLAC,-75.9333,-10.85
MATACOCHA,-75.8667,-10.8
YUNCAN,-75.8,-10.7667
CALZONCOCHA,-75.7943,-10.7985
CHANCHOS ALTO,-75.7777,-10.7985
LA LEGUA,-75.8443,-10.8651
TAMBILLO,-75.811,-10.8318
VICTORIA # 2,-75.911,-10.8485
PERENE,-74.893,-10.9143
PICHANAKI,-74.8669,-10.9333
HACIENDA MANCAN,-75.8667,-10.9833
PUERTO OCOPA,-74.3072,-11.1453
PAMPA WHALEY,-75.25,-10.9
HUASAHUASI,-75.6319,-11.2694
SOGAYACO,-75.6333,-11.2833
GRANJA SATIPO,-74.5667,-11.2167
SATIPO,-74.6086,-11.2244
SAN RAMON,-75.3333,-11.1333
MAZAMARI,-74.55,-11.25
CHONTABAMBA,-75.3528,-11.2597
SAN ELOY DE SINGAYAC,-75.2833,-11.25
TOLDOPAMPA,-74.9156,-11.5095
COMAS,-75.1289,-11.7483
RUNATULLO,-75.0122,-11.6189
RUNATULLO,-75.05,-11.5833
RICRAN,-75.5327,-11.5561
CHAGLLA,-75.8848,-10.0519
TOURNAVISTA,-74.7427,-8.84985
AGUAS CALIENTES,-74.7093,-8.83869
PUERTO INCA,-74.9608,-9.38139
PUERTO INCA,-74.9667,-9.36667
CIUDAD CONSTITUCION,-75.0836,-9.8546
PUERTO BERMUDEZ,-74.9,-10.3
PUERTO VICTORIA,-74.9333,-9.86667
ESPERANZA,-75.121,-10.1007
ISCOZACIN,-75.15,-10.1833
POZUZO,-75.55,-10.05
HUANCABAMBA,-75.55,-10.3833
SAN MIGUEL DE BOCAZ,-75.15,-10.6333
OXAPAMPA,-75.3856,-10.5939
IPARIA,-74.4667,-9.3
BOLOGNESI,-74,-10.0667
ATALAYA,-73.7833,-10.7333
MASISEA,-74.3167,-8.6
EL MARONAL,-75.0883,-8.45
SAN JORGE,-74.8667,-8.5
AGUAYTIA,-75.5,-9.03333
AGUAYTIA,-75.65,-8.91667
SAN ALEJANDRO,-75.3971,-8.85696
YURAC,-75.5167,-9.05
EL MARONAL,-75.2167,-8.82778
SAN ALEJANDRO,-75.2103,-8.82778
PUCALLPA,-74.5333,-8.36667
PUCALLPA,-74.5333,-8.38333
PUCALLPA,-74.55,-8.41667
PUCALLPA,-74.5333,-8.36667
NESHUYA,-74.6426,-8.58925
PUCALLPA-UNU,-74.6319,-8.22903
LAS PALMERAS,-74.8058,-8.47528
LAS PALMERAS DE UCAYALI,-74.8661,-8.5825
CONTAMANA,-75.0058,-7.35222
TIRUNTAN,-74.8333,-7.95
PAMPA HERMOSA,-75.2833,-7.2
BERGERIE,-71.9333,-2.31667
CORBATA,-70.9833,-2.28333
EL ESTRECHO,-72.75,-2.58333
EL ESTRECHO,-72.75,-2.58333
GUEPPI,-75.25,-0.116667
SANTA MERCEDES,-71.9167,-2.32917
TAMSHIYACU PER,-72.2833,-2.6
PUERTO ARTURO,-73.3497,-1.82019
SANTA MARIA DE NANAY,-73.6667,-3.83333
PUNCHANA,-73.2541,-3.69003
PUNCHANA,-73.2664,-3.72906
QUISTOCOCHA,-73.3505,-3.76053
AMAZONAS,-73.3,-3.7
GUAYABAMBA,-73.25,-3.75
IQUITOS,-73.25,-3.75
ZUNGAROCOCHA,-73.25,-3.75
MORALILLO,-73.4185,-3.82604
PUERTO ALMENDRAS,-73.3948,-3.82269
QUISTOCOCHA,-73.3846,-3.7873
MUYUY,-73.4514,-3.82843
PANTOJA,-75.178,-0.964832
ARICA,-75.2,-1.6
CURARAY,-74.1,-2.36667
SANTA CLOTILDE,-73.6792,-2.48747
SANTA CLOTILDE,-73.7,-2.46667
BELLAVISTA,-73.0836,-3.48361
LA LIBERTAD,-73.2422,-3.45694
MAZAN,-73.0794,-3.48472
PUERTO ALEGRE,-73.1167,-3.5
SANTA CRUZ,-73.1336,-3.50028
BARTRA,-75.75,-2.46667
SARGENTO LORES,-74.5667,-3.73333
TENIENTE LOPEZ,-76.1359,-2.45259
TROMPETEROS,-75.0167,-3.8
SAN ROQUE,-73.2436,-3.75117
TAMSHIYACU,-73.1606,-4.00297
MANITI,-72.8667,-3.53333
FRANCISCO ORELLANA,-72.7667,-3.42333
MORONA,-73.2633,-3.54798
TIMICURILLO,-73.0836,-3.51694
NAUTA,-73.5725,-4.51917
NAUTA,-73.5833,-4.5
SAN REGIS,-74.2,-4.6
PEBAS,-71.8576,-3.31453
CABALLOCOCHA,-70.5121,-3.91125
CHIMBOTE,-70.7833,-3.93333
PUERTO ALEGRIA,-70.0667,-4.13333
PETROPOLIS,-70.0107,-4.26453
SAN FERNANDO,-70.25,-4.16667
SANTA ROSA,-70.0069,-4.29404
ANGAMOS,-72.898,-5.16667
ANGAMOS,-72.9035,-5.14832
SANTA RITA,-72.1167,-16.4667
AREQUIPA,-71.5333,-16.4
LA PAMPILLA,-71.534,-16.4116
VITOR,-71.8333,-16.4167
CHARACATO,-71.4833,-16.472
HUASACACHE,-71.5158,-16.4653
SOCABAYA,-71.5333,-16.4667
IMATA,-71.0875,-15.8364
PILLONES,-71.2133,-15.9786
YANQUE,-71.5742,-15.7711
JOLLOJELLO,-71.8,-15.8833
LLUTA,-72.0167,-16.0167
TUNEL T. QUERQUE,-72.0833,-15.9167
HUANCA,-71.8783,-16.0306
HUANCA,-71.8833,-16.0333
CHARACATO,-71.7,-16.25
PAMPA DE ARRIEROS,-71.5889,-16.0631
SUMBAY,-71.3581,-15.9793
YURA,-71.7,-16.25
EL FRAYLE,-71.1869,-16.0844
LLUCLLA,-72.0333,-16.1833
SANTA ISABEL DE SIGUAS,-72.1167,-16.3333
LA JOYA,-71.9189,-16.5922
AGUADA BLANCA,-71.35,-16.2333
AREQUIPA,-71.5504,-16.3539
ANTIQUILLA,-71.4314,-16.4
CHIGUATA,-71.4,-16.4
CHIGUATA,-71.4,-16.4
LAS SALINAS,-71.1629,-16.3178
COLEGIO M. FRANCISCO BOLOGNESI,-71.5205,-16.393
COLEGIO SALECIANO,-71.5,-16.3853
MIRAFLORES,-71.4821,-16.3731
MOLLENDO,-72.0075,-17.0131
PUNTA ISLAY,-72.1002,-17.0057
EL AYRO,-69.6167,-17.5833
PAUCARANI,-69.7667,-17.5333
PAUCARANI,-69.7785,-17.5294
CAPAZO,-69.7355,-17.1877
JARUMAS,-70.0112,-17.1648
VILACOTA,-70.0514,-17.1286
VILACOTA,-70.05,-17.1167
KOVIRE,-69.926,-17.2202
CHALLAPALCA,-69.7946,-17.2372
CHUAPALCA,-69.6451,-17.2947
CHUAPALCA,-69.6739,-17.4245
FRONTERA,-69.4875,-17.3943
PALCA,-69.9559,-17.7747
PALCA,-69.9667,-17.7667
BOCATOMA,-69.8737,-17.6042
BOCATOMA,-69.8811,-17.6072
CALIENTES,-70.1386,-17.8786
CALIENTES,-70.1333,-17.8667
LLUTA,-70.0333,-17.8333
CALANA,-70.1806,-17.9411
CORPAC,-70.1833,-17.9333
CANDARAVE,-70.2673,-17.2906
YABROCO,-70.1572,-17.3005
QUEBRADA HONDA,-70.5,-17.15
CAMILACA,-70.4333,-17.2667
TACALAYA,-70.4167,-17
CAIRANI,-70.3383,-17.2901
CAIRANI,-70.3667,-17.2833
ILABAYA,-70.5267,-17.4122
ILABAYA,-70.5167,-17.4167
MIRAVE,-70.55,-17.4833
TOQUEPALA,-70.627,-17.2878
TOQUELA,-70.5217,-17.4316
ARICOTA,-70.2354,-17.3256
CURIBAYA,-70.3061,-17.4037
LOCUMBA,-70.7643,-17.6118
MATOGROSO,-70.7167,-17.4833
ITE,-70.9515,-17.8601
ICHICOLLO,-70.0833,-17.25
SUSAPAYA,-70.1314,-17.3536
SUSAPAYA,-70.1333,-17.35
TARATA,-70.036,-17.4792
SITAJARA,-70.1543,-17.3654
HACIENDA PUQUIO,-70.3833,-17.7667
SAMA GRANDE,-70.4879,-17.7837
TALABAYA,-69.9877,-17.5513
GRANDE,-70.1035,-17.6408
TACNA,-70.2667,-18.05
TACNA,-70.2667,-18.05
JORGE BASADRE,-70.2507,-18.0267
MAGOLLO,-70.3333,-18.1167
MAGOLLO,-70.3333,-18.1167
TACNA,-70.3,-18.0667
LA YARADA,-70.5236,-18.2112
ILO,-71.3347,-17.6497
PUNTA COLES,-71.3732,-17.6984
ITE,-70.9667,-17.85
MOQUEGUA,-70.9307,-17.1754
COSCORI,-70.7667,-17.1167
OTORA,-70.85,-17
YACANGO,-70.8658,-17.0935
TUMILACA,-70.8333,-17.1333
ILO,-71.2859,-17.6288
CRUCERO,-70.4667,-16
UBINAS,-70.8564,-16.3822
ICHUMA,-70.5521,-16.1326
ICHUMA,-70.55,-16.1333
ESQUILACHE,-70.2833,-16
LLOQUE,-70.7333,-16.3167
PACHAS,-70.7333,-16.4667
COALAQUE,-71.0167,-16.65
PUQUINA,-71.1829,-16.6262
CARUMAS,-70.6915,-16.8124
PAMPA UMALZO (TITIJONES),-70.526,-16.6179
VIZCACHAS,-70.428,-16.8152
OMATE,-70.9788,-16.6749
CALACOA,-70.6825,-16.7346
QUINISTAQUILLAS,-70.8971,-16.7691
LA CAPILLA,-71.2,-16.7667
HACIENDITA,-71.6167,-17
LA HACIENDITA,-71.5883,-16.9906
PAMPA BLANCA,-71.7225,-17.0683
PAMPA DE CLEMESI,-71.2,-17.2667
SAMANGO,-76.05,-5.91667
SAN RAMON,-76.0833,-5.93333
SHANUSI,-76.2667,-6.1
YURIMAGUAS,-76.0667,-5.9
SHUCSHUYACU,-75.8667,-6.05
PONGO DE CAYNARACHI,-76.3,-6.33333
PONGO DE CAYNARACHI,-76.3,-6.33333
PELEJO,-75.7925,-6.213
NAVARRO,-75.752,-6.34434
PUCALLPA HUIMBAYOC,-75.8,-6.4
HUIMBAYOC,-75.75,-6.41667
CHAZUTA,-76.1191,-6.58333
BALSA PUERTO,-76.5833,-5.85
PLANTACION YURIMAGUAS,-76.1167,-5.9
BUENOS AIRES,-77.0333,-5.86667
MOYOBAMBA,-76.9667,-6
MOYOBAMBA,-76.9333,-6.05
PUEBLO LIBRE,-77.0833,-5.76667
SAN JOSE DEL ALTO MAYO,-77.2833,-5.68333
SHIMPIYACU,-77.0333,-5.71667
VALLE DE LA CONQUISTA,-77.1333,-5.86667
NARANJILLO,-77.3833,-5.83333
NARANJILLO,-77.3833,-5.83333
YURACYACU,-77.2,-5.95
RIOJA,-77.1667,-6.03333
JEPELACIO,-76.9185,-6.10887
SORITOR,-77.1037,-6.14037
CARRIZAL,-76.8138,-6.26667
PACAYPITE,-76.8006,-6.21667
PACAYSAPA,-76.8206,-6.29067
TABALOSOS,-76.65,-6.41667
TABALOSOS,-76.65,-6.41667
SAN ANTONIO,-76.4167,-6.41667
LAMAS,-76.5605,-6.38412
SHILCAYO,-76.3423,-6.53026
SHANAO,-76.5816,-6.41865
TARAPOTO,-76.4153,-6.52595
TARAPOTO,-76.3667,-6.5
CUNUMBUQUE,-76.5,-6.5
EL PORVENIR,-76.3167,-6.58333
LAGUNAS,-75.6833,-5.2
SANTA CRUZ,-75.8667,-5.48333
PLANTACION SANTA MARIA,-76.1,-5.78333
SAUCE,-76.228,-6.69067
PILLUANA,-76.304,-6.79816
TINGO DE PONAZA,-76.25,-6.93333
TINGO DE PONAZA,-76.25,-6.93333
PICOTA,-76.3333,-6.93333
SHAMBOYACU,-76.1293,-7.02294
ALAO,-76.737,-6.51498
ALAO,-76.7645,-6.52049
SISA,-76.6833,-6.61667
AGUA BLANCA,-76.7167,-6.73333
SAPOSOA,-76.7667,-6.9
SAPOSOA,-76.7667,-6.9
SAN PABLO,-76.6,-6.8
SAN PABLO,-76.6,-6.8
BELLAVISTA,-76.55,-7.05
SACANCHE,-76.7333,-7.1
JUANJUI,-76.7187,-7.11285
JUANJUI,-76.75,-7.13333
JUANJUI (TABACO),-76.7333,-7.13333
RODRIGUEZ. DE MENDOZA,-77.4075,-6.31652
PACHIZA,-76.7813,-7.28685
SHEPTE,-76.85,-7.48333
LA UNION,-76.5,-7.18333
NUEVO LIMA,-76.5,-7.11667
JOSE OLAYA,-76.4797,-7.23869
JOSE OLAYA (DOS DE MAYO),-76.4595,-7.23502
CUSCO,-76.5,-7.26667
CUSCO,-76.5,-7.26667
MONTESECO,-79.5167,-7.13333
EL MILAGRO,-79.5,-7.21667
CHEPEN,-79.4333,-7.23333
HACIENDA LURIFICO,-79.4333,-7.21667
GUADALUPE-TALLA,-79.4667,-7.23333
TALLA (GUADALUPE),-79.4249,-7.26639
RUPAHUASI,-78.7835,-6.86989
LLAPA,-78.8167,-6.98333
SAN MIGUEL,-78.85,-6.98333
LLAPA,-78.6833,-6.98333
GRANJA PORCON,-78.6333,-7.03333
QUEBRADA HONDA,-78.65,-6.9
LAS PALTAS,-78.9181,-7.19069
LIVES,-79.0333,-7.08333
LAGUNA COMPUERTAS,-78.8167,-7.13333
SAN PABLO,-78.8333,-7.08333
HACIENDA TUNAD,-78.7167,-7.16667
HACIENDA CADENA,-78.7353,-7.16845
CHILETE,-78.85,-7.21667
HACIENDA LLAGADEN,-78.5833,-7.26667
MAGDALENA,-78.6525,-7.25344
GALLITO CIEGO,-79.1667,-7.23333
TEMBLADERA,-79.1333,-7.25
MONTE GRANDE,-79.1532,-7.225
HUACRACHUCO,-78.4242,-7.32386
MAGDALENA,-78.6833,-7.26667
CONTUMAZA,-78.8167,-7.35
YUMAGUAL,-78.5148,-7.23685
SAN JUAN,-78.4958,-7.29072
SAN JUAN,-78.4833,-7.3
ASUNCION,-78.5167,-7.31667
ASUNCION,-78.5167,-7.31667
JEQUETEPEQUE,-79.5667,-7.33333
SAN JOSE,-79.45,-7.35
PACASMAYO,-79.5667,-7.4
SAN PEDRO,-79.5,-7.41667
SAN PEDRO DE LLOC,-79.5,-7.41667
CHERREPE,-79.5548,-7.11621
CAPITANIA ETEN,-79.8445,-6.93532
PUERTO ETEN,-79.8644,-6.93234
FERREHAFE,-79.7922,-6.63222
LAMBAYEQUE,-79.9211,-6.70333
PIMENTEL,-79.9333,-6.83333
CHICLAYO,-79.8333,-6.78333
CHICLAYO CORPAC,-79.8333,-6.76667
EL ESPINO,-79.4667,-6
PENACHI,-79.4667,-6.16667
MOTUPE,-79.7486,-6.21586
INCAHUASI,-79.3186,-6.23369
INCAHUASI,-79.3167,-6.23333
MARAYHUACA,-79.35,-6.16667
PUCHACA,-79.467,-6.37317
PUCHACA,-79.4667,-6.35
JAYANCA (LA VINA),-79.7683,-6.33278
CASCABAMBA,-79.3,-6.36667
TOCMOCHE,-79.3558,-6.40806
PANALA,-80.0292,-6.48762
MORROPE,-80.0167,-6.53333
GRANJA MILITAR SASAPE,-79.9,-6.48333
HUAMBOS,-78.9631,-6.45361
LLAMA,-79,-6.5
LLAMA,-79.1225,-6.51444
CHANCAY BAOOS,-78.8672,-6.575
HACIENDA CHANCAY,-78.8667,-6.56667
SANTA CRUZ,-78.9475,-6.63306
CHUGUR,-78.7333,-6.66667
TINAJONES,-79.565,-6.71373
PUCALA,-79.6,-6.75
SANTA CATALINA DE PULAN,-78.9167,-6.73333
LA LUCUMA,-78.8167,-6.7
HACIENDA TONGOD,-78.8167,-6.76667
QUILCATE,-78.7439,-6.82
QUILCATE,-78.8,-6.81667
HACIENDA PUCALA,-79.6167,-6.78333
SIPAN,-79.6,-6.80139
REQUE,-79.8354,-6.88617
UDIMA,-79.0916,-6.81131
EL ESPINAL,-79.1869,-6.82303
BEBEDERO,-79.3167,-6.8
OYOTUN,-79.3232,-6.86414
OYOTUN,-79.3167,-6.83333
SANA,-79.5833,-6.91667
ZANA,-79.5833,-6.91667
CAYALTI,-79.5594,-6.89825
NIEPOS,-79.1291,-6.92506
NIEPOS,-79.1333,-6.91667
RAURA,-76.7333,-10.4667
HUALLANCA,-76.95,-9.88333
LA UNION,-76.7927,-9.82034
HUARI,-77.1667,-9.35
CAHUISH,-77.25,-9.68333
CHAVIN,-77.1753,-9.58603
CHAVIN,-77.25,-9.58333
LLATA,-76.7833,-9.55
DOS DE MAYO,-76.7455,-9.62522
BULDIBUYO,-77.3667,-8.11667
CAJAS,-77.2317,-8.27294
TAYABAMBA,-77.2833,-8.28333
HUANCAS,-77.1413,-8.41588
SIHUAS,-77.6316,-8.54648
SAFUNA,-77.5801,-8.83333
POMABAMBA,-77.4667,-8.78333
PISCOBAMBA,-77.3667,-8.85
SHUMBA ALTA,-78.8008,-5.64121
JAEN,-78.7742,-5.67667
LA CASCARILLA,-78.8977,-5.67175
SALALA,-79.45,-5.1
SALALA,-79.4667,-5.1
ZAPALACHE,-79.4333,-5.15
HUAR HUAR (SALALA),-79.4701,-5.15448
CAROANCHO,-79.4833,-5.25
MATARA,-79.45,-5.25
QUISPAMPA,-79.45,-5.26667
HACIENDA SHUMAYA,-79.35,-5.36667
HUASCARAY,-79.3333,-5.33333
SHUMAYA,-79.3583,-5.36111
TULUCE,-79.4181,-5.49067
SONDORILLO,-79.429,-5.33664
CONGORA,-79.5333,-5.73333
HUARMACA,-79.5231,-5.56917
HUARMACA,-79.5167,-5.56667
PORCULLA,-79.5061,-5.83972
PALAMBE,-79.3333,-5.6
SALLIQUE,-79.3125,-5.65889
SALLIQUE,-79.3167,-5.65
TAILIN,-79.3667,-5.56667
CHONTALI,-79.09,-5.64389
PIEDRA DEL INCA,-79.1321,-5.60603
PUENTE CHUNCHUCA,-78.8564,-5.93305
EL TAMBO,-79.3833,-5.76667
SAN FELIPE,-79.3167,-5.76667
CACAO,-78.9667,-5.85
CHUNCHUCA,-78.8833,-5.9
CHUNCHUQUILLO,-78.9667,-5.91667
COLASAY,-79.0667,-5.96667
EL CACAO,-78.9667,-5.85
HUACAPAMPA,-79,-6
CAEARIS,-79.2667,-6
COLAGUAY,-79.2333,-5.9
EL ARENAL,-79.3,-5.93333
EL LIMON,-79.3175,-5.91806
GRANADILLAS,-79.05,-5.75
LOMA CURCA,-79.1833,-5.86667
QUISMACHE,-79.2333,-5.85
SANTA LUCIA,-79.4333,-5.975
HACIENDA PUCARA,-79.1339,-6.04167
HUANDOHUACA,-79.3,-6
HUALLANLLE,-79.05,-6.11667
MAMABAMBA,-78.95,-6.26667
QUEROCOTILLO,-79.0369,-6.27361
CUEVA BLANCA,-79.3561,-6.15972
CUTERVO,-78.8045,-6.37928
GRANJA AZUL,-79.0667,-6.36667
GRANJA AZUL,-79.1167,-6.35
COCHABAMBA,-78.8886,-6.46
CHOTA,-78.6486,-6.54722
LAJAS,-78.7333,-6.53333
LAJAS,-78.7483,-6.55972
NAMBALLE,-79.0886,-4.99958
SAN IGNACIO,-78.9967,-5.145
BARRIZALES,-79.2833,-5.38333
CHICHILAPA,-79.3167,-5.25
ISUA,-79.3064,-5.28972
LA FLORIDA,-79.105,-5.31306
MANCHARA ALTO,-79.2667,-5.45
MANCHARA BAJO,-79.2556,-5.35
TABACONAS,-79.2333,-5.33333
TABACONAS PUEBLO,-79.3,-5.31667
CHIRINOS,-78.8975,-5.30861
COCHALAN,-78.9712,-5.43594
SAN JOSE DEL ALTO,-79.0867,-5.42738
AGUA AZUL,-79.0333,-5.58333
ALTO CHUNCHUCA,-79,-5.58333
ALTO CHONTALI,-78.9333,-5.65
BAGUA,-78.4667,-5.6
BAGUA CHICA,-78.5248,-5.6303
HACIENDA VALOR,-78.5537,-5.70215
MORERILLA,-78.4706,-5.72294
EL PINTOR,-78.5231,-5.75619
HACIENDA CAIMITO,-78.3667,-5.85
JAMALCA,-78.2373,-5.89369
MAGUNCHAL,-78.1889,-5.89106
TAMBOLIC,-78.1667,-5.96667
JAZAN,-77.976,-5.94494
LAMUD,-77.9159,-6.16116
CHACHAPOYAS,-77.8672,-6.20833
CHACHAPOYAS,-77.8167,-6.23333
LEIMEBAMBA,-77.8,-6.67662
CHIRIACO,-78.2881,-5.16144
NUEVA NAZARETH,-78.4249,-5.2546
ARAMANGO,-78.4347,-5.41972
CHINGANZA,-78.4333,-5.41667
POMACOCHAS,-77.9167,-5.8
JUMBILLA,-77.8087,-5.89618
NIEVA JOSE OLAYA,-77.9333,-4.83333
SANTA MARIA DE NIEVA,-77.9393,-4.83039
CAHUIDE,-78.2702,-3.4367
CASTRO,-78.2479,-3.4811
PINGLO,-78.0926,-4.43333
SUBTENIENTE CASTRO,-78.2591,-3.5539
ORACUZA,-78.1349,-4.62778
CHIPE,-78.2781,-4.6642
IMACITA,-78.3153,-4.65024
SAN RAFAEL,-78.2254,-4.61889
HUAMACHUCO,-78.04,-7.81928
HUAMACHUCO,-78.05,-7.81667
LAGUNA HUANGACOCHA,-78.1333,-7.91667
LA ENCA,-78.3167,-7.11667
AUGUSTO WEBERBAUER,-78.5,-7.16667
AYLAMBO,-78.5242,-7.19678
CAJAMARCA,-78.4833,-7.15
LA VICTORIA,-78.4833,-7.18333
CAJAMARCA,-78.5017,-7.14801
NAMORA,-78.3333,-7.2
NAMORA,-78.3278,-7.20067
SONDOR MATARA,-78.2434,-7.22075
JESUS TUNEL,-78.4126,-7.22944
LA VICTORIA,-78.3333,-7.25
MATARA,-78.2535,-7.24419
PENIPAMPA,-78.2746,-7.32951
HACIENDA EDELMIRA,-78.2167,-7.36667
SAN MARCOS,-78.1726,-7.3225
HACIENDA JOCOS,-78,-7.51667
CACHACHI,-78.2687,-7.45094
HUAYLLABAMBA,-78.3167,-7.46667
KANZEL,-78.35,-7.46667
LA TAYA,-78.2833,-7.46667
CHAQUICOCHA,-78.15,-7.53333
CAJABAMBA,-78.0511,-7.62167
EL PALTO,-78.4765,-5.98643
PIMPINGOS,-78.7688,-6.01576
TACABAMBA,-78.6167,-6.38333
CONCHAN,-78.65,-6.43333
HACIENDA EL MOLINO,-78.4245,-6.49801
SAMANGAY,-78.5742,-6.62951
BAMBAMARCA,-78.5183,-6.67639
CHONTA,-78.45,-6.56667
HACIENDA LLAUCAN,-78.5333,-6.75
LLAUCANO,-78.5333,-6.73333
LLAUCANO,-78.5333,-6.68333
QUEBRADA SHUGAR,-78.4569,-6.68778
LA LLICA,-78.5188,-6.79816
CELENDIN,-78.1222,-6.85
SAN JUAN DE LACAMACA,-78.5755,-6.7
HUALGAYOC,-78.6167,-6.76667
JADIBAMBA,-78.4,-6.81667
HACIENDA NEGRITOS,-78.5333,-6.9
MICHIQUILLAY,-78.5333,-6.9
MACHAGUAY,-72.5019,-15.645
MACHAGUAY,-72.5,-15.65
CASCA,-71.6667,-15.5333
AYO,-72.27,-15.6789
CHIVAY,-71.5967,-15.6378
LA CALERA,-71.5903,-15.6232
VISUYO,-71.5333,-15.5523
PAMPA COLCA,-72.5667,-15.7167
PAMPACOLCA,-72.5672,-15.7139
CABANACONDE,-71.9683,-15.6183
CABANACONDE,-71.9667,-15.6
LAGUNA MACURCA,-72.0333,-15.75
PULLHUAY,-72.4333,-15.0833
CHACHAS,-72.2669,-15.4986
ORCOPAMPA,-72.3386,-15.2606
HUINCO,-71.45,-15.2667
LLACTO SAYACA,-71.25,-15.1667
PORPERA,-71.3167,-15.35
TISCO,-71.45,-15.35
CHOCO,-72.1167,-15.5667
BUENA VISTA,-71.1167,-15.35
CONDOROMA (B.VISTA),-71.1167,-15.35
SIBAYO,-71.4528,-15.4853
SIMBAYO,-71.45,-15.4833
TRES ESTANCIAS,-71.5167,-15.45
PANE,-71.0318,-15.5994
CALLALLI,-71.45,-15.5
CONDOROMA,-71.3,-15.4
HACIENDA MOROCAQUI,-71.05,-15.6167
LA PULPERA,-71.45,-15.6167
CRUCERO ALTO,-70.9167,-15.7667
HACIENDA ATECATE,-70.9777,-15.3897
VISUYO,-71.7667,-15.6167
ANDAHUA,-72.3489,-15.4933
ANDAHUA,-72.35,-15.4833
LLAPA YANAHUARA,-71.5334,-15.5118
MADRIGAL,-71.8114,-15.6164
CHUQUIBAMBA,-72.6483,-15.8378
CRUCERO ALTO,-70.9396,-15.7574
HUAMBO,-72.1022,-15.72
APLAO,-72.4903,-16.0692
PAMPA DE MAJES,-72.2106,-16.3275
SANTA ELENA,-72.4833,-16.2
HACIENDA PAMPATA,-72.7,-16.55
CAMANA,-72.7175,-16.6251
EL MOLINO,-79.5333,-5.91667
HACIENDA CHINCHE,-79.5167,-5.88333
OLMOS,-79.7283,-5.99194
HACIENDA LANDAS,-79.6,-5.78333
GRANJA EXPERIMENTAL,-79.8167,-5.83333
GRANJA EXPERIMENTAL PASABA,-79.8167,-5.83333
LAGUNA SHIMBE,-79.8333,-5.85
MANO DE LEON,-79.7333,-5.86667
TIERRA RAJADA,-79.9333,-5.75
BAYOVAR,-81.0167,-5.84419
PAITA,-81.1333,-5.11667
SAN ISIDRO,-80.2667,-4.78333
CRUCETA,-80.2667,-4.86667
CURVAN,-80.3,-4.95
EL TABLAZO,-80.4667,-4.88333
HUALTACO,-80.3167,-4.85
MALINGAS,-80.2667,-4.96667
MALINGAS,-80.25,-4.95
TAMBO GRANDE,-80.3167,-4.95
SAN JOAQUIN,-80.35,-5.13333
TEJEDORES,-80.2333,-4.75
CHULUCANAS,-80.1667,-5.1
HACIENDA YAPATERA,-80.1333,-5.06667
HUAPALAS,-80.1667,-5.1
SAN PEDRO,-80.0333,-5.08333
SANTO DOMINGO,-79.8714,-5.02389
SANTO DOMINGO,-79.8833,-5.03333
MIRAFLORES,-80.6167,-5.16667
PIURA,-80.6167,-5.2
ALTAMIZA,-79.7333,-5.06667
CHALACO,-79.7917,-5.03694
PALO BLANCO,-79.5638,-5.17295
PASAPAMPA,-79.6,-5.11667
MORROPON,-79.9781,-5.17972
CORRAL DEL MEDIO,-79.8833,-5.18333
PALTASHACO,-79.8667,-5.11667
SAN MIGUEL,-80.6819,-5.24306
VIRREY,-79.9833,-5.53333
HACIENDA PABUR,-80.0333,-5.21667
CANCHAQUE,-79.6,-5.36667
HUANCABAMBA,-79.7167,-5.25
HACIENDA BIGOTE,-79.7833,-5.33333
BARRIOS,-79.7,-5.28333
MONTEGRANDE,-80.7311,-5.355
MALACASI,-79.8914,-5.32306
MALACASI,-79.8833,-5.31667
CHIGNIA,-79.7,-5.6
PIRGAS,-79.6167,-5.66667
BERNAL,-80.75,-5.63333
CHUSIS,-80.8333,-5.51667
LAGUNA RAMON,-80.6667,-5.55
BRETAHA,-74.35,-5.25
FLOR DE PUNGA,-74.157,-5.40778
TAMANCO,-74.2833,-5.78333
LA PEDRERA,-74.5333,-5.76667
DOS DE MAYO,-75.1167,-6.36667
JUANCITO,-74.8667,-6.03333
JUANCITO,-74.9,-6.03333
ORELLANA,-75.1667,-6.9
BAGAZAN,-73.6205,-4.71255
GENARO HERRERA (BOSQUE),-73.5,-4.65
GENARO HERRERA,-73.5983,-4.86697
REQUENA,-73.8356,-5.04264
REQUENA,-73.8,-5
LA PUNTA,-77.1674,-12.0696
ISLA SUANA,-68.8364,-16.3591
ISLA CHINCHA NORTE,-76.2391,-13.6933
ISLA DON MARTIN,-77.6746,-11.0087
ISLA GUAAAPE NORTE,-78.8858,-8.53088
ISLA LOBOS DE AFUERA,-80.7025,-6.96421
ISLA LOBOS DE TIERRA,-80.8525,-6.44754
ISLA PALOMINO,-77.2358,-12.1142
